Date,Description,Amount
01/09/2026,Salary credit - ACME Corp,65000
02/09/2026,Rent payment to landlord,-18000
03/09/2026,BigBasket groceries,-2400
04/09/2026,Netflix subscription,-649
05/09/2026,SWIGGY ORDER 8812,-480
06/09/2026,Uber trip,-320
07/09/2026,Electricity bill,-1450
09/09/2026,"Zomato order, dinner",-560
10/09/2026,Amazon purchase,-2199
12/09/2026,Apollo pharmacy,-640
15/09/2026,Savings transfer to RD,-5000
18/09/2026,Myntra clothing,-1899
20/09/2026,Gym membership fitness,-1500
24/09/2026,Restaurant dinner,-2200
26/09/2026,Local bakery,-350
